Workbook

Sheet Selected Dyads
A1: Dyad | C1: C1 | D1: C2 | E1: Years | F1: War Frequency | G1: (Path)-1
A2: France | B2: Spain | C2: 304 | D2: 375 | E2: {=INDEX(dyad_stats!C$2:C$866,MATCH('Selected Dyads'!$C2&'Selected Dyads'!$D2,dyad_stats!$A$2:$A$866&dyad_stats!$B$2:$B$866,0))} -> 362 | F2: {=INDEX(dyad_stats!D$2:D$866,MATCH('Selected Dyads'!$C2&'Selected Dyads'!$D2,dyad_stats!$A$2:$A$866&dyad_stats!$B$2:$B$866,0))} -> 0.290055 | G2: {=INDEX(dyad_stats!E$2:E$866,MATCH('Selected Dyads'!$C2&'Selected Dyads'!$D2,dyad_stats!$A$2:$A$866&dyad_stats!$B$2:$B$866,0))} -> 0.1802956
A3: Austria | B3: France | C3: 216 | D3: 304 | E3: {=INDEX(dyad_stats!C$2:C$866,MATCH('Selected Dyads'!$C3&'Selected Dyads'!$D3,dyad_stats!$A$2:$A$866&dyad_stats!$B$2:$B$866,0))} -> 363 | F3: {=INDEX(dyad_stats!D$2:D$866,MATCH('Selected Dyads'!$C3&'Selected Dyads'!$D3,dyad_stats!$A$2:$A$866&dyad_stats!$B$2:$B$866,0))} -> 0.247934 | G3: {=INDEX(dyad_stats!E$2:E$866,MATCH('Selected Dyads'!$C3&'Selected Dyads'!$D3,dyad_stats!$A$2:$A$866&dyad_stats!$B$2:$B$866,0))} -> 0.1239309
A4: England | B4: France | C4: 177 | D4: 304 | E4: {=INDEX(dyad_stats!C$2:C$866,MATCH('Selected Dyads'!$C4&'Selected Dyads'!$D4,dyad_stats!$A$2:$A$866&dyad_stats!$B$2:$B$866,0))} -> 353 | F4: {=INDEX(dyad_stats!D$2:D$866,MATCH('Selected Dyads'!$C4&'Selected Dyads'!$D4,dyad_stats!$A$2:$A$866&dyad_stats!$B$2:$B$866,0))} -> 0.23796 | G4: {=INDEX(dyad_stats!E$2:E$866,MATCH('Selected Dyads'!$C4&'Selected Dyads'!$D4,dyad_stats!$A$2:$A$866&dyad_stats!$B$2:$B$866,0))} -> 0.0600642
A5: Prussia | B5: France | C5: 172 | D5: 304 | E5: {=INDEX(dyad_stats!C$2:C$866,MATCH('Selected Dyads'!$C5&'Selected Dyads'!$D5,dyad_stats!$A$2:$A$866&dyad_stats!$B$2:$B$866,0))} -> 363 | F5: {=INDEX(dyad_stats!D$2:D$866,MATCH('Selected Dyads'!$C5&'Selected Dyads'!$D5,dyad_stats!$A$2:$A$866&dyad_stats!$B$2:$B$866,0))} -> 0.203857 | G5: {=INDEX(dyad_stats!E$2:E$866,MATCH('Selected Dyads'!$C5&'Selected Dyads'!$D5,dyad_stats!$A$2:$A$866&dyad_stats!$B$2:$B$866,0))} -> 0.0210775
A6: Russia | B6: Sweden | C6: 83 | D6: 385 | E6: {=INDEX(dyad_stats!C$2:C$866,MATCH('Selected Dyads'!$C6&'Selected Dyads'!$D6,dyad_stats!$A$2:$A$866&dyad_stats!$B$2:$B$866,0))} -> 418 | F6: {=INDEX(dyad_stats!D$2:D$866,MATCH('Selected Dyads'!$C6&'Selected Dyads'!$D6,dyad_stats!$A$2:$A$866&dyad_stats!$B$2:$B$866,0))} -> 0.167464 | G6: {=INDEX(dyad_stats!E$2:E$866,MATCH('Selected Dyads'!$C6&'Selected Dyads'!$D6,dyad_stats!$A$2:$A$866&dyad_stats!$B$2:$B$866,0))} -> 0.0507703
A7: England | B7: Spain | C7: 177 | D7: 375 | E7: {=INDEX(dyad_stats!C$2:C$866,MATCH('Selected Dyads'!$C7&'Selected Dyads'!$D7,dyad_stats!$A$2:$A$866&dyad_stats!$B$2:$B$866,0))} -> 413 | F7: {=INDEX(dyad_stats!D$2:D$866,MATCH('Selected Dyads'!$C7&'Selected Dyads'!$D7,dyad_stats!$A$2:$A$866&dyad_stats!$B$2:$B$866,0))} -> 0.157385 | G7: {=INDEX(dyad_stats!E$2:E$866,MATCH('Selected Dyads'!$C7&'Selected Dyads'!$D7,dyad_stats!$A$2:$A$866&dyad_stats!$B$2:$B$866,0))} -> 0.0749098
A8: Russia | B8: France | C8: 83 | D8: 304 | E8: {=INDEX(dyad_stats!C$2:C$866,MATCH('Selected Dyads'!$C8&'Selected Dyads'!$D8,dyad_stats!$A$2:$A$866&dyad_stats!$B$2:$B$866,0))} -> 359 | F8: {=INDEX(dyad_stats!D$2:D$866,MATCH('Selected Dyads'!$C8&'Selected Dyads'!$D8,dyad_stats!$A$2:$A$866&dyad_stats!$B$2:$B$866,0))} -> 0.077994 | G8: {=INDEX(dyad_stats!E$2:E$866,MATCH('Selected Dyads'!$C8&'Selected Dyads'!$D8,dyad_stats!$A$2:$A$866&dyad_stats!$B$2:$B$866,0))} -> 0.012523
A9: Prussia | B9: Austria | C9: 172 | D9: 216 | E9: {=INDEX(dyad_stats!C$2:C$866,MATCH('Selected Dyads'!$C9&'Selected Dyads'!$D9,dyad_stats!$A$2:$A$866&dyad_stats!$B$2:$B$866,0))} -> 377 | F9: {=INDEX(dyad_stats!D$2:D$866,MATCH('Selected Dyads'!$C9&'Selected Dyads'!$D9,dyad_stats!$A$2:$A$866&dyad_stats!$B$2:$B$866,0))} -> 0.076923 | G9: {=INDEX(dyad_stats!E$2:E$866,MATCH('Selected Dyads'!$C9&'Selected Dyads'!$D9,dyad_stats!$A$2:$A$866&dyad_stats!$B$2:$B$866,0))} -> 0.051587
A10: Austria | B10: Sweden | C10: 216 | D10: 385 | E10: {=INDEX(dyad_stats!C$2:C$866,MATCH('Selected Dyads'!$C10&'Selected Dyads'!$D10,dyad_stats!$A$2:$A$866&dyad_stats!$B$2:$B$866,0))} -> 423 | F10: {=INDEX(dyad_stats!D$2:D$866,MATCH('Selected Dyads'!$C10&'Selected Dyads'!$D10,dyad_stats!$A$2:$A$866&dyad_stats!$B$2:$B$866,0))} -> 0.066194 | G10: {=INDEX(dyad_stats!E$2:E$866,MATCH('Selected Dyads'!$C10&'Selected Dyads'!$D10,dyad_stats!$A$2:$A$866&dyad_stats!$B$2:$B$866,0))} -> 0.0331907
A11: Russia | B11: Spain | C11: 83 | D11: 375 | E11: {=INDEX(dyad_stats!C$2:C$866,MATCH('Selected Dyads'!$C11&'Selected Dyads'!$D11,dyad_stats!$A$2:$A$866&dyad_stats!$B$2:$B$866,0))} -> 418 | F11: {=INDEX(dyad_stats!D$2:D$866,MATCH('Selected Dyads'!$C11&'Selected Dyads'!$D11,dyad_stats!$A$2:$A$866&dyad_stats!$B$2:$B$866,0))} -> 0.052632 | G11: {=INDEX(dyad_stats!E$2:E$866,MATCH('Selected Dyads'!$C11&'Selected Dyads'!$D11,dyad_stats!$A$2:$A$866&dyad_stats!$B$2:$B$866,0))} -> 0.0211241
A12: Austria | B12: Spain | C12: 216 | D12: 375 | E12: {=INDEX(dyad_stats!C$2:C$866,MATCH('Selected Dyads'!$C12&'Selected Dyads'!$D12,dyad_stats!$A$2:$A$866&dyad_stats!$B$2:$B$866,0))} -> 423 | F12: {=INDEX(dyad_stats!D$2:D$866,MATCH('Selected Dyads'!$C12&'Selected Dyads'!$D12,dyad_stats!$A$2:$A$866&dyad_stats!$B$2:$B$866,0))} -> 0.047281 | G12: {=INDEX(dyad_stats!E$2:E$866,MATCH('Selected Dyads'!$C12&'Selected Dyads'!$D12,dyad_stats!$A$2:$A$866&dyad_stats!$B$2:$B$866,0))} -> 0.2520675
A13: Prussia | B13: England | C13: 172 | D13: 177 | E13: {=INDEX(dyad_stats!C$2:C$866,MATCH('Selected Dyads'!$C13&'Selected Dyads'!$D13,dyad_stats!$A$2:$A$866&dyad_stats!$B$2:$B$866,0))} -> 367 | F13: {=INDEX(dyad_stats!D$2:D$866,MATCH('Selected Dyads'!$C13&'Selected Dyads'!$D13,dyad_stats!$A$2:$A$866&dyad_stats!$B$2:$B$866,0))} -> 0.024523 | G13: {=INDEX(dyad_stats!E$2:E$866,MATCH('Selected Dyads'!$C13&'Selected Dyads'!$D13,dyad_stats!$A$2:$A$866&dyad_stats!$B$2:$B$866,0))} -> 0.1481223
... A17: England | B17: Sweden | C17: 177 | D17: 385 | E17: {=INDEX(dyad_stats!C$2:C$866,MATCH('Selected Dyads'!$C17&'Selected Dyads'!$D17,dyad_stats!$A$2:$A$866&dyad_stats!$B$2:$B$866,0))} -> 413 | F17: {=INDEX(dyad_stats!D$2:D$866,MATCH('Selected Dyads'!$C17&'Selected Dyads'!$D17,dyad_stats!$A$2:$A$866&dyad_stats!$B$2:$B$866,0))} -> 0.014528 | G17: {=INDEX(dyad_stats!E$2:E$866,MATCH('Selected Dyads'!$C17&'Selected Dyads'!$D17,dyad_stats!$A$2:$A$866&dyad_stats!$B$2:$B$866,0))} -> 0.0788297

Sheet Country Code Lookup
A1: Country Name | B1: Country ID
A2: Grand Duchy of Baden | B2: 19
A3: Electorate/Duchy/Kingdom of Bavaria | B3: 20
A4: Kingdom of Hanover/Duchy of Brunswick/Electorate of Brunswick Luneberg/Electorate of Hanover | B4: 27
A5: Grand Duchy of Hesse (Hesse-Darmstadt) | B5: 28
A6: Electorate of Hesse (Hesse-Kassel) | B6: 29
A7: Duchy of Holstein | B7: 34
A8: Mecklenburg-Schwerin | B8: 37
A9: Mecklenburg-Strelitz | B9: 38
A10: Oldenburg | B10: 40
A11: Saxe-Weimar-Eisenach | B11: 55
A12: Electorate of Saxony/Kingdom of Saxony/Saxony | B12: 56
A13: Kingdom of Württemberg | B13: 63
... A69: Belgium | B69: 99999

Sheet dyad_stats
A1: C1 | B1: C2 | C1: years | D1: war | E1: invpath
A2: 216 | B2: 390 | C2: 424 | D2: 0.018868 | E2: 0.0272664
A3: 389 | B3: 390 | C3: 424 | D3: 0 | E3: 0.1875989
A4: 216 | B4: 389 | C4: 424 | D4: 0.016509 | E4: 0.0351645
A5: 216 | B5: 375 | C5: 423 | D5: 0.047281 | E5: 0.2520675
A6: 375 | B6: 390 | C6: 423 | D6: 0.016548 | E6: 0.0242634
A7: 216 | B7: 385 | C7: 423 | D7: 0.066194 | E7: 0.0331907
A8: 385 | B8: 390 | C8: 423 | D8: 0.174941 | E8: 0.1433283
A9: 385 | B9: 389 | C9: 423 | D9: 0.174941 | E9: 0.1558995
A10: 375 | B10: 389 | C10: 423 | D10: 0.016548 | E10: 0.0289629
A11: 375 | B11: 385 | C11: 422 | D11: 0.045024 | E11: 0.030171
A12: 83 | B12: 216 | C12: 419 | D12: 0.019093 | E12: 0.0362964
A13: 83 | B13: 389 | C13: 419 | D13: 0.00716 | E13: 0.0502428
... A859: 83 | B859: 105 | C859: 2 | D859: 0 | E859: 0.3333333
A860: 339 | B860: 347 | C860: 1 | D860: 0
A861: 344 | B861: 347 | C861: 1 | D861: 0
A862: 27 | B862: 400 | C862: 1 | D862: 0 | E862: 0
A863: 29 | B863: 250 | C863: 1 | D863: 0 | E863: 0
A864: 29 | B864: 400 | C864: 1 | D864: 0 | E864: 0
A865: 27 | B865: 82 | C865: 1 | D865: 0 | E865: 0.0714286
A866: 29 | B866: 82 | C866: 1 | D866: 0 | E866: 0
